<ImportExportXml xmlns:xsi="http://www.w3.org/2001/XMLSchema-instance">
  <Entities></Entities>
  <Roles></Roles>
  <Workflows></Workflows>
  <FieldSecurityProfiles></FieldSecurityProfiles>
  <Templates />
  <EntityMaps />
  <EntityRelationships />
  <OrganizationSettings />
  <optionsets />
  <CustomControls />
  <EntityDataProviders />
  <Connectors>
    <Connector>
      <connectorid>8e30feb9-d029-4c8a-a102-e09bca2e0547</connectorid>
      <description>Incident IQ Api Documentation

Each API Request must contain the following HTTP Headers:
 + SiteId
 + Authorization
 + Client : "ApiClient"

This information can be retrieved from your Incident IQ Administration &gt; Developer Tools console from within the product.</description>
      <displayname>IIQ API v1</displayname>
      <iconbrandcolor>#007ee5</iconbrandcolor>
      <name>cr2ae_5Fiiq-20api-20v1</name>
      <connectortype>1</connectortype>
      <openapidefinition>/Connector/cr2ae_5Fiiq-20api-20v1_openapidefinition.json</openapidefinition>
      <connectionparameters>/Connector/cr2ae_5Fiiq-20api-20v1_connectionparameters.json</connectionparameters>
      <policytemplateinstances>/Connector/cr2ae_5Fiiq-20api-20v1_policytemplateinstances.json</policytemplateinstances>
      <iconblob>/Connector/cr2ae_5Fiiq-20api-20v1_iconblob.Jpeg</iconblob>
    </Connector>
  </Connectors>
  <Languages>
    <Language>1033</Language>
  </Languages>
</ImportExportXml>