[{"templateId":"setheader","title":"Add Auth to Header","parameters":{"x-ms-apimTemplateParameter.name":"Authorization","x-ms-apimTemplateParameter.value":"Bearer iiqtoken","x-ms-apimTemplateParameter.existsAction":"override","x-ms-apimTemplate-policySection":"Request"}},{"templateId":"setheader","title":"Add SiteId to Header","parameters":{"x-ms-apimTemplateParameter.name":"SiteId","x-ms-apimTemplateParameter.value":"iiqsiteid","x-ms-apimTemplateParameter.existsAction":"override","x-ms-apimTemplate-policySection":"Request"}},{"templateId":"setheader","title":"Add Client to Header","parameters":{"x-ms-apimTemplateParameter.name":"Client","x-ms-apimTemplateParameter.value":"ApiClient","x-ms-apimTemplateParameter.existsAction":"override","x-ms-apimTemplate-policySection":"Request"}}]