{"swagger":"2.0","info":{"version":"1.0.0","title":"IIQ API v1","description":"Incident IQ Api Documentation\n\nEach API Request must contain the following HTTP Headers:\n + SiteId\n + Authorization\n + Client : \"ApiClient\"\n\nThis information can be retrieved from your Incident IQ Administration > Developer Tools console from within the product."},"host":"iiqhostname.incidentiq.com","basePath":"/api/v1.0/","schemes":["https","http"],"consumes":[],"produces":["application/json"],"paths":{"/users":{"get":{"responses":{"default":{"description":"default","schema":{}}},"summary":"Users","description":"Users","operationId":"GetUsers","parameters":[]}},"/users/{UserId}":{"get":{"responses":{"default":{"description":"default","schema":{}}},"summary":"Get User By ID","description":"Get User by ID","operationId":"GetUserbyID","parameters":[{"name":"UserId","in":"path","required":true,"type":"string"}]}},"/users/search/{query}":{"get":{"responses":{"default":{"description":"default","schema":{"type":"object","properties":{"ItemCount":{"type":"integer","format":"int32","description":"ItemCount"},"Items":{"type":"array","items":{"type":"object","properties":{"UserId":{"type":"string","description":"UserId"},"IsDeleted":{"type":"boolean","description":"IsDeleted"},"SiteId":{"type":"string","description":"SiteId"},"Site":{"type":"object","properties":{"SiteId":{"type":"string","description":"SiteId"},"ProductId":{"type":"string","description":"ProductId"},"CreatedDate":{"type":"string","description":"CreatedDate"},"Name":{"type":"string","description":"Name"},"OffsetInMinutesFromUtc":{"type":"integer","format":"int32","description":"OffsetInMinutesFromUtc"},"WorkMinutesPerDay":{"type":"integer","format":"int32","description":"WorkMinutesPerDay"},"DbClusterIndex":{"type":"integer","format":"int32","description":"DbClusterIndex"},"StatusTypeId":{"type":"string","description":"StatusTypeId"},"WorkHoursStartUtc":{"type":"string","description":"WorkHoursStartUtc"},"WorkHoursEndUtc":{"type":"string","description":"WorkHoursEndUtc"},"SystemUserId":{"type":"string","description":"SystemUserId"},"IsSandbox":{"type":"boolean","description":"IsSandbox"}},"description":"Site"},"CreatedDate":{"type":"string","description":"CreatedDate"},"ModifiedDate":{"type":"string","description":"ModifiedDate"},"LocationId":{"type":"string","description":"LocationId"},"LocationName":{"type":"string","description":"LocationName"},"Location":{"type":"object","properties":{"Name":{"type":"string","description":"Name"},"LocationId":{"type":"string","description":"LocationId"},"SiteId":{"type":"string","description":"SiteId"},"AddressId":{"type":"string","description":"AddressId"},"LocationTypeId":{"type":"string","description":"LocationTypeId"},"LocationType":{"type":"object","properties":{"LocationTypeId":{"type":"string","description":"LocationTypeId"},"Name":{"type":"string","description":"Name"},"CreatedDate":{"type":"string","description":"CreatedDate"},"ModifiedDate":{"type":"string","description":"ModifiedDate"},"IsDeleted":{"type":"boolean","description":"IsDeleted"},"Scope":{"type":"string","description":"Scope"}},"description":"LocationType"},"LocationStatusTypeId":{"type":"string","description":"LocationStatusTypeId"},"IsReservable":{"type":"boolean","description":"IsReservable"},"IsDeleted":{"type":"boolean","description":"IsDeleted"},"CreatedDate":{"type":"string","description":"CreatedDate"},"ModifiedDate":{"type":"string","description":"ModifiedDate"}},"description":"Location"},"IsActive":{"type":"boolean","description":"IsActive"},"IsOnline":{"type":"boolean","description":"IsOnline"},"IsOnlineLastUpdated":{"type":"string","description":"IsOnlineLastUpdated"},"Name":{"type":"string","description":"Name"},"FirstName":{"type":"string","description":"FirstName"},"LastName":{"type":"string","description":"LastName"},"Email":{"type":"string","description":"Email"},"Username":{"type":"string","description":"Username"},"Phone":{"type":"string","description":"Phone"},"SchoolIdNumber":{"type":"string","description":"SchoolIdNumber"},"Grade":{"type":"string","description":"Grade"},"Homeroom":{"type":"string","description":"Homeroom"},"ExternalId":{"type":"string","description":"ExternalId"},"InternalComments":{"type":"string","description":"InternalComments"},"RoleId":{"type":"string","description":"RoleId"},"Role":{"type":"object","properties":{"RoleId":{"type":"string","description":"RoleId"},"Name":{"type":"string","description":"Name"},"Portal":{"type":"integer","format":"int32","description":"Portal"},"Visibility":{"type":"integer","format":"int32","description":"Visibility"},"CategoryId":{"type":"string","description":"CategoryId"},"Users":{"type":"integer","format":"int32","description":"Users"},"Scope":{"type":"string","description":"Scope"}},"description":"Role"},"Department":{"type":"object","properties":{"DepartmentId":{"type":"string","description":"DepartmentId"},"SiteId":{"type":"string","description":"SiteId"},"CreatedDate":{"type":"string","description":"CreatedDate"},"ModifiedDate":{"type":"string","description":"ModifiedDate"}},"description":"Department"},"EmploymentStatus":{"type":"object","properties":{"EmploymentStatusId":{"type":"string","description":"EmploymentStatusId"},"SiteId":{"type":"string","description":"SiteId"},"CreatedDate":{"type":"string","description":"CreatedDate"},"ModifiedDate":{"type":"string","description":"ModifiedDate"}},"description":"EmploymentStatus"},"AuthenticatedBy":{"type":"string","description":"AuthenticatedBy"},"AccountSetupProgress":{"type":"integer","format":"int32","description":"AccountSetupProgress"},"IsEmailVerified":{"type":"boolean","description":"IsEmailVerified"},"IsWelcomeEmailSent":{"type":"boolean","description":"IsWelcomeEmailSent"},"PreventProviderUpdates":{"type":"boolean","description":"PreventProviderUpdates"},"IsOutOfOffice":{"type":"boolean","description":"IsOutOfOffice"},"Portal":{"type":"integer","format":"int32","description":"Portal"},"Options":{"type":"object","properties":{"Notifications":{"type":"object","properties":{"TicketCreated":{"type":"boolean","description":"TicketCreated"},"TicketUpdated":{"type":"boolean","description":"TicketUpdated"},"TicketAssignedToYou":{"type":"boolean","description":"TicketAssignedToYou"},"TicketAssignedToTeam":{"type":"boolean","description":"TicketAssignedToTeam"},"TicketDisableFollowerNotifications":{"type":"boolean","description":"TicketDisableFollowerNotifications"},"AssetChanged":{"type":"boolean","description":"AssetChanged"}},"description":"Notifications"}},"description":"Options"},"DataMappings":{"type":"object","properties":{"Name":{"type":"object","properties":{"AppId":{"type":"string","description":"AppId"}},"description":"Name"},"Email":{"type":"object","properties":{"AppId":{"type":"string","description":"AppId"}},"description":"Email"},"Username":{"type":"object","properties":{"AppId":{"type":"string","description":"AppId"}},"description":"Username"},"Phone":{"type":"object","properties":{"AppId":{"type":"string","description":"AppId"}},"description":"Phone"},"SchoolIdNumber":{"type":"object","properties":{"AppId":{"type":"string","description":"AppId"}},"description":"SchoolIdNumber"},"Location":{"type":"object","properties":{"AppId":{"type":"string","description":"AppId"}},"description":"Location"},"Grade":{"type":"object","properties":{"AppId":{"type":"string","description":"AppId"}},"description":"Grade"},"AuthenticatedBy":{"type":"object","properties":{"AppId":{"type":"string","description":"AppId"}},"description":"AuthenticatedBy"},"Lookups":{"type":"array","items":{"type":"object","properties":{"Key":{"type":"string","description":"Key"},"AppId":{"type":"string","description":"AppId"},"Value":{"type":"string","description":"Value"}}},"description":"Lookups"}},"description":"DataMappings"},"CustomFieldValues":{"type":"array","items":{"type":"object","properties":{"CustomFieldTypeId":{"type":"string","description":"CustomFieldTypeId"},"Value":{"type":"string","description":"Value"}}},"description":"CustomFieldValues"},"UserStatusId":{"type":"string","description":"UserStatusId"},"IsExternalUser":{"type":"boolean","description":"IsExternalUser"},"ShouldOnlySeeExternallyAvailableRooms":{"type":"boolean","description":"ShouldOnlySeeExternallyAvailableRooms"}}},"description":"Items"},"Paging":{"type":"object","properties":{"TotalRows":{"type":"integer","format":"int32","description":"TotalRows"},"PageCount":{"type":"integer","format":"int32","description":"PageCount"},"PageSize":{"type":"integer","format":"int32","description":"PageSize"},"PageIndex":{"type":"integer","format":"int32","description":"PageIndex"}},"description":"Paging"},"UserToken":{"type":"string","description":"UserToken"},"RequestDate":{"type":"string","description":"RequestDate"},"ExecutionTime":{"type":"number","format":"float","description":"ExecutionTime"},"StatusCode":{"type":"integer","format":"int32","description":"StatusCode"},"ServerName":{"type":"string","description":"ServerName"},"ProcessId":{"type":"integer","format":"int32","description":"ProcessId"},"OperationId":{"type":"string","description":"OperationId"},"Properties":{"type":"object","properties":{},"description":"Properties"}}}}},"summary":"Search Users","description":"Search for a user by query","operationId":"GetUserSearch","parameters":[{"name":"query","in":"path","required":true,"type":"string"}]}},"/assets/serial/search/{Serial}":{"get":{"responses":{"default":{"description":"default","schema":{"type":"object","properties":{"ItemCount":{"type":"integer","format":"int32","description":"ItemCount"},"Items":{"type":"array","items":{"type":"object","properties":{"AssetId":{"type":"string","description":"AssetId"},"SiteId":{"type":"string","description":"SiteId"},"Site":{"type":"object","properties":{"SiteId":{"type":"string","description":"SiteId"},"ProductId":{"type":"string","description":"ProductId"},"CreatedDate":{"type":"string","description":"CreatedDate"},"Name":{"type":"string","description":"Name"},"OffsetInMinutesFromUtc":{"type":"integer","format":"int32","description":"OffsetInMinutesFromUtc"},"WorkMinutesPerDay":{"type":"integer","format":"int32","description":"WorkMinutesPerDay"},"DbClusterIndex":{"type":"integer","format":"int32","description":"DbClusterIndex"},"StatusTypeId":{"type":"string","description":"StatusTypeId"},"WorkHoursStartUtc":{"type":"string","description":"WorkHoursStartUtc"},"WorkHoursEndUtc":{"type":"string","description":"WorkHoursEndUtc"},"SystemUserId":{"type":"string","description":"SystemUserId"},"IsSandbox":{"type":"boolean","description":"IsSandbox"}},"description":"Site"},"ProductId":{"type":"string","description":"ProductId"},"CreatedDate":{"type":"string","description":"CreatedDate"},"ModifiedDate":{"type":"string","description":"ModifiedDate"},"AssetTypeId":{"type":"string","description":"AssetTypeId"},"AssetTypeName":{"type":"string","description":"AssetTypeName"},"IsDeleted":{"type":"boolean","description":"IsDeleted"},"StatusTypeId":{"type":"string","description":"StatusTypeId"},"Status":{"type":"object","properties":{"AssetStatusTypeId":{"type":"string","description":"AssetStatusTypeId"},"Scope":{"type":"string","description":"Scope"},"Name":{"type":"string","description":"Name"},"IsRetired":{"type":"boolean","description":"IsRetired"}},"description":"Status"},"AssetTag":{"type":"string","description":"AssetTag"},"SerialNumber":{"type":"string","description":"SerialNumber"},"ExternalId":{"type":"string","description":"ExternalId"},"Name":{"type":"string","description":"Name"},"CanOwnerManage":{"type":"boolean","description":"CanOwnerManage"},"CanSubmitTicket":{"type":"boolean","description":"CanSubmitTicket"},"IsFavorite":{"type":"boolean","description":"IsFavorite"},"ModelId":{"type":"string","description":"ModelId"},"Model":{"type":"object","properties":{"ModelId":{"type":"string","description":"ModelId"},"Scope":{"type":"string","description":"Scope"},"Name":{"type":"string","description":"Name"},"ModelName":{"type":"string","description":"ModelName"},"AssetTypeId":{"type":"string","description":"AssetTypeId"},"ManufacturerId":{"type":"string","description":"ManufacturerId"},"Manufacturer":{"type":"object","properties":{"ManufacturerId":{"type":"string","description":"ManufacturerId"},"Scope":{"type":"string","description":"Scope"},"Name":{"type":"string","description":"Name"},"EsoIsVisible":{"type":"boolean","description":"EsoIsVisible"}},"description":"Manufacturer"},"CategoryId":{"type":"string","description":"CategoryId"},"Category":{"type":"object","properties":{"Scope":{"type":"string","description":"Scope"},"CategoryId":{"type":"string","description":"CategoryId"},"Level":{"type":"integer","format":"int32","description":"Level"},"SortOrder":{"type":"integer","format":"int32","description":"SortOrder"},"CategoryTypeId":{"type":"string","description":"CategoryTypeId"},"Name":{"type":"string","description":"Name"},"Icon":{"type":"string","description":"Icon"}},"description":"Category"},"ImageId":{"type":"string","description":"ImageId"},"CreatedDate":{"type":"string","description":"CreatedDate"},"ModifiedDate":{"type":"string","description":"ModifiedDate"},"EsoIsVisible":{"type":"boolean","description":"EsoIsVisible"},"IsGenericModel":{"type":"boolean","description":"IsGenericModel"}},"description":"Model"},"OwnerId":{"type":"string","description":"OwnerId"},"Owner":{"type":"object","properties":{"UserId":{"type":"string","description":"UserId"},"SiteId":{"type":"string","description":"SiteId"},"Name":{"type":"string","description":"Name"},"FullName":{"type":"string","description":"FullName"},"Initials":{"type":"string","description":"Initials"},"FirstName":{"type":"string","description":"FirstName"},"LastName":{"type":"string","description":"LastName"},"LocationId":{"type":"string","description":"LocationId"},"RoleId":{"type":"string","description":"RoleId"},"RoleName":{"type":"string","description":"RoleName"},"SchoolIdNumber":{"type":"string","description":"SchoolIdNumber"},"Email":{"type":"string","description":"Email"},"Username":{"type":"string","description":"Username"},"Grade":{"type":"string","description":"Grade"},"Homeroom":{"type":"string","description":"Homeroom"},"IsOnline":{"type":"boolean","description":"IsOnline"}},"description":"Owner"},"LocationId":{"type":"string","description":"LocationId"},"Location":{"type":"object","properties":{"Name":{"type":"string","description":"Name"},"LocationId":{"type":"string","description":"LocationId"},"SiteId":{"type":"string","description":"SiteId"},"AddressId":{"type":"string","description":"AddressId"},"LocationTypeId":{"type":"string","description":"LocationTypeId"},"LocationType":{"type":"object","properties":{"LocationTypeId":{"type":"string","description":"LocationTypeId"},"Name":{"type":"string","description":"Name"},"CreatedDate":{"type":"string","description":"CreatedDate"},"ModifiedDate":{"type":"string","description":"ModifiedDate"},"IsDeleted":{"type":"boolean","description":"IsDeleted"},"Scope":{"type":"string","description":"Scope"}},"description":"LocationType"},"LocationStatusTypeId":{"type":"string","description":"LocationStatusTypeId"},"IsReservable":{"type":"boolean","description":"IsReservable"},"IsDeleted":{"type":"boolean","description":"IsDeleted"},"CreatedDate":{"type":"string","description":"CreatedDate"},"ModifiedDate":{"type":"string","description":"ModifiedDate"}},"description":"Location"},"LocationDetails":{"type":"string","description":"LocationDetails"},"Notes":{"type":"string","description":"Notes"},"HasOpenTickets":{"type":"boolean","description":"HasOpenTickets"},"OpenTickets":{"type":"integer","format":"int32","description":"OpenTickets"},"CustomFieldValues":{"type":"array","items":{"type":"object","properties":{"CustomFieldTypeId":{"type":"string","description":"CustomFieldTypeId"},"Value":{"type":"string","description":"Value"}}},"description":"CustomFieldValues"},"DeployedDate":{"type":"string","description":"DeployedDate"},"PurchasePrice":{"type":"number","format":"float","description":"PurchasePrice"},"PurchasePoNumber":{"type":"string","description":"PurchasePoNumber"},"WarrantyExpirationDate":{"type":"string","description":"WarrantyExpirationDate"},"WarrantyInfo":{"type":"string","description":"WarrantyInfo"},"LastInventoryDate":{"type":"string","description":"LastInventoryDate"},"InvoiceNumber":{"type":"string","description":"InvoiceNumber"},"Vendor":{"type":"string","description":"Vendor"},"InsuranceInfo":{"type":"string","description":"InsuranceInfo"},"FundingSourceId":{"type":"string","description":"FundingSourceId"},"FundingSource":{"type":"object","properties":{"AssetFundingTypeId":{"type":"string","description":"AssetFundingTypeId"},"Scope":{"type":"string","description":"Scope"},"Name":{"type":"string","description":"Name"}},"description":"FundingSource"},"IsReadOnly":{"type":"boolean","description":"IsReadOnly"},"IsExternallyManaged":{"type":"boolean","description":"IsExternallyManaged"},"StorageUnitNumber":{"type":"string","description":"StorageUnitNumber"},"DataMappings":{"type":"object","properties":{"AssetTag":{"type":"object","properties":{"AppId":{"type":"string","description":"AppId"}},"description":"AssetTag"},"SerialNumber":{"type":"object","properties":{"AppId":{"type":"string","description":"AppId"}},"description":"SerialNumber"},"Location":{"type":"object","properties":{"AppId":{"type":"string","description":"AppId"}},"description":"Location"},"Model":{"type":"object","properties":{"AppId":{"type":"string","description":"AppId"}},"description":"Model"},"Lookups":{"type":"array","items":{"type":"object","properties":{"Key":{"type":"string","description":"Key"},"AppId":{"type":"string","description":"AppId"},"Value":{"type":"string","description":"Value"}}},"description":"Lookups"}},"description":"DataMappings"},"AssetAuditPolicyStatusTypeId":{"type":"string","description":"AssetAuditPolicyStatusTypeId"},"AssetAuditPolicyStatusName":{"type":"string","description":"AssetAuditPolicyStatusName"},"AssetAuditPolicyScheduleId":{"type":"string","description":"AssetAuditPolicyScheduleId"},"AssetAuditPolicyScheduleName":{"type":"string","description":"AssetAuditPolicyScheduleName"},"AssetAuditPolicyId":{"type":"string","description":"AssetAuditPolicyId"},"AssetAuditPolicyName":{"type":"string","description":"AssetAuditPolicyName"},"AssetAuditPolicyStatusSortOrder":{"type":"integer","format":"int32","description":"AssetAuditPolicyStatusSortOrder"},"LastVerificationDateTime":{"type":"string","description":"LastVerificationDateTime"},"LastVerificationUserId":{"type":"string","description":"LastVerificationUserId"},"LastVerificationTypeId":{"type":"string","description":"LastVerificationTypeId"},"LastVerificationTypeName":{"type":"string","description":"LastVerificationTypeName"},"LastVerificationSuccessful":{"type":"boolean","description":"LastVerificationSuccessful"},"LastVerificationComments":{"type":"string","description":"LastVerificationComments"},"LastVerificationLocationId":{"type":"string","description":"LastVerificationLocationId"},"LastVerificationLocationName":{"type":"string","description":"LastVerificationLocationName"}}},"description":"Items"},"Paging":{"type":"object","properties":{"TotalRows":{"type":"integer","format":"int32","description":"TotalRows"},"PageCount":{"type":"integer","format":"int32","description":"PageCount"},"PageSize":{"type":"integer","format":"int32","description":"PageSize"},"PageIndex":{"type":"integer","format":"int32","description":"PageIndex"}},"description":"Paging"},"UserToken":{"type":"string","description":"UserToken"},"RequestDate":{"type":"string","description":"RequestDate"},"ExecutionTime":{"type":"number","format":"float","description":"ExecutionTime"},"StatusCode":{"type":"integer","format":"int32","description":"StatusCode"},"ServerName":{"type":"string","description":"ServerName"},"ProcessId":{"type":"integer","format":"int32","description":"ProcessId"},"OperationId":{"type":"string","description":"OperationId"},"Properties":{"type":"object","properties":{},"description":"Properties"}}}}},"summary":"Get Search Asset by Serial","description":"Search an Asset by Serial Number","operationId":"GetAssetSearchbySerial","parameters":[{"name":"Serial","in":"path","required":true,"type":"string"}]}},"/assets/{AssetId}/verifications/new":{"post":{"responses":{"default":{"description":"default","schema":{"type":"object","properties":{"Id":{"type":"integer","format":"int32","description":"Id"},"Uid":{"type":"string","description":"Uid"},"Item":{"type":"object","properties":{"AssetVerificationId":{"type":"string","description":"AssetVerificationId"},"AssetId":{"type":"string","description":"AssetId"},"CreatedDate":{"type":"string","description":"CreatedDate"},"VerifiedByUserId":{"type":"string","description":"VerifiedByUserId"},"AssetVerificationTypeId":{"type":"string","description":"AssetVerificationTypeId"},"IsSuccessful":{"type":"boolean","description":"IsSuccessful"},"Comments":{"type":"string","description":"Comments"},"LocationId":{"type":"string","description":"LocationId"},"ExternalId":{"type":"string","description":"ExternalId"}},"description":"Item"},"UserToken":{"type":"string","description":"UserToken"},"RequestDate":{"type":"string","description":"RequestDate"},"ExecutionTime":{"type":"number","format":"float","description":"ExecutionTime"},"StatusCode":{"type":"integer","format":"int32","description":"StatusCode"},"ServerName":{"type":"string","description":"ServerName"},"ProcessId":{"type":"integer","format":"int32","description":"ProcessId"},"OperationId":{"type":"string","description":"OperationId"},"Properties":{"type":"object","properties":{},"description":"Properties"}}}}},"summary":"Post Device Verification","description":"Post Device Verification","operationId":"PostVerification","parameters":[{"name":"AssetId","in":"path","required":true,"type":"string"},{"name":"body","in":"body","required":false,"schema":{"type":"object","properties":{"AssetId":{"type":"string","description":"AssetId"},"CreatedDate":{"type":"string","description":"CreatedDate"},"VerifiedByUserId":{"type":"string","description":"VerifiedByUserId"},"AssetVerificationTypeId":{"type":"string","description":"AssetVerificationTypeId"},"IsSuccessful":{"type":"boolean","description":"IsSuccessful"},"Comments":{"type":"string","description":"Comments"},"LocationId":{"type":"string","description":"LocationId"}}}}]}},"/tickets/new":{"post":{"responses":{"default":{"description":"default","schema":{"type":"object","properties":{"Id":{"type":"integer","format":"int32","description":"Id"},"Uid":{"type":"string","description":"Uid"},"Item":{"type":"object","properties":{"TicketId":{"type":"string","description":"TicketId"},"SiteId":{"type":"string","description":"SiteId"},"Site":{"type":"object","properties":{"SiteId":{"type":"string","description":"SiteId"},"ProductId":{"type":"string","description":"ProductId"},"CreatedDate":{"type":"string","description":"CreatedDate"},"Name":{"type":"string","description":"Name"},"OffsetInMinutesFromUtc":{"type":"integer","format":"int32","description":"OffsetInMinutesFromUtc"},"WorkMinutesPerDay":{"type":"integer","format":"int32","description":"WorkMinutesPerDay"},"DbClusterIndex":{"type":"integer","format":"int32","description":"DbClusterIndex"},"StatusTypeId":{"type":"string","description":"StatusTypeId"},"WorkHoursStartUtc":{"type":"string","description":"WorkHoursStartUtc"},"WorkHoursEndUtc":{"type":"string","description":"WorkHoursEndUtc"},"SystemUserId":{"type":"string","description":"SystemUserId"},"IsSandbox":{"type":"boolean","description":"IsSandbox"}},"description":"Site"},"ProductId":{"type":"string","description":"ProductId"},"IsDeleted":{"type":"boolean","description":"IsDeleted"},"TicketNumber":{"type":"string","description":"TicketNumber"},"Subject":{"type":"string","description":"Subject"},"CreatedDate":{"type":"string","description":"CreatedDate"},"ModifiedDate":{"type":"string","description":"ModifiedDate"},"LastModifiedByUserDate":{"type":"string","description":"LastModifiedByUserDate"},"IsPastDue":{"type":"boolean","description":"IsPastDue"},"OwnerId":{"type":"string","description":"OwnerId"},"Owner":{"type":"object","properties":{"UserId":{"type":"string","description":"UserId"},"Relationship":{"type":"string","description":"Relationship"},"Name":{"type":"string","description":"Name"},"FirstName":{"type":"string","description":"FirstName"},"LastName":{"type":"string","description":"LastName"},"Initials":{"type":"string","description":"Initials"},"Email":{"type":"string","description":"Email"},"Username":{"type":"string","description":"Username"},"SchoolIdNumber":{"type":"string","description":"SchoolIdNumber"},"LocationId":{"type":"string","description":"LocationId"},"RoleId":{"type":"string","description":"RoleId"},"Role":{"type":"object","properties":{"RoleId":{"type":"string","description":"RoleId"},"Portal":{"type":"integer","format":"int32","description":"Portal"},"Visibility":{"type":"integer","format":"int32","description":"Visibility"},"CategoryId":{"type":"string","description":"CategoryId"},"Users":{"type":"integer","format":"int32","description":"Users"},"Scope":{"type":"string","description":"Scope"}},"description":"Role"},"IsOnline":{"type":"boolean","description":"IsOnline"}},"description":"Owner"},"ForId":{"type":"string","description":"ForId"},"For":{"type":"object","properties":{"UserId":{"type":"string","description":"UserId"},"Relationship":{"type":"string","description":"Relationship"},"Name":{"type":"string","description":"Name"},"FirstName":{"type":"string","description":"FirstName"},"LastName":{"type":"string","description":"LastName"},"Initials":{"type":"string","description":"Initials"},"Email":{"type":"string","description":"Email"},"Username":{"type":"string","description":"Username"},"SchoolIdNumber":{"type":"string","description":"SchoolIdNumber"},"LocationId":{"type":"string","description":"LocationId"},"LocationName":{"type":"string","description":"LocationName"},"RoleId":{"type":"string","description":"RoleId"},"Role":{"type":"object","properties":{"RoleId":{"type":"string","description":"RoleId"},"Name":{"type":"string","description":"Name"},"Portal":{"type":"integer","format":"int32","description":"Portal"},"Visibility":{"type":"integer","format":"int32","description":"Visibility"},"CategoryId":{"type":"string","description":"CategoryId"},"Users":{"type":"integer","format":"int32","description":"Users"},"Scope":{"type":"string","description":"Scope"}},"description":"Role"},"IsOnline":{"type":"boolean","description":"IsOnline"}},"description":"For"},"LocationId":{"type":"string","description":"LocationId"},"Location":{"type":"object","properties":{"Name":{"type":"string","description":"Name"},"Abbreviation":{"type":"string","description":"Abbreviation"},"LocationId":{"type":"string","description":"LocationId"},"SiteId":{"type":"string","description":"SiteId"},"AddressId":{"type":"string","description":"AddressId"},"LocationTypeId":{"type":"string","description":"LocationTypeId"},"LocationType":{"type":"object","properties":{"LocationTypeId":{"type":"string","description":"LocationTypeId"},"Name":{"type":"string","description":"Name"},"CreatedDate":{"type":"string","description":"CreatedDate"},"ModifiedDate":{"type":"string","description":"ModifiedDate"},"IsDeleted":{"type":"boolean","description":"IsDeleted"},"Scope":{"type":"string","description":"Scope"}},"description":"LocationType"},"LocationStatusTypeId":{"type":"string","description":"LocationStatusTypeId"},"IsReservable":{"type":"boolean","description":"IsReservable"},"IsDeleted":{"type":"boolean","description":"IsDeleted"},"CreatedDate":{"type":"string","description":"CreatedDate"},"ModifiedDate":{"type":"string","description":"ModifiedDate"}},"description":"Location"},"LocationDetails":{"type":"string","description":"LocationDetails"},"LocationRoomId":{"type":"string","description":"LocationRoomId"},"IssueId":{"type":"string","description":"IssueId"},"Issue":{"type":"object","properties":{"IssueId":{"type":"string","description":"IssueId"},"Scope":{"type":"string","description":"Scope"},"IssueTypeId":{"type":"string","description":"IssueTypeId"},"IssueTypeScope":{"type":"string","description":"IssueTypeScope"},"Name":{"type":"string","description":"Name"},"SortOrder":{"type":"integer","format":"int32","description":"SortOrder"},"IssueCategoryId":{"type":"string","description":"IssueCategoryId"},"IssueCategoryName":{"type":"string","description":"IssueCategoryName"},"IssueCategorySortOrder":{"type":"integer","format":"int32","description":"IssueCategorySortOrder"},"IssueCategoryScope":{"type":"string","description":"IssueCategoryScope"},"ModelCategoryId":{"type":"string","description":"ModelCategoryId"},"EnabledByDefault":{"type":"boolean","description":"EnabledByDefault"}},"description":"Issue"},"IsIssueConfirmed":{"type":"boolean","description":"IsIssueConfirmed"},"AssignedToTeamId":{"type":"string","description":"AssignedToTeamId"},"AssignedToTeam":{"type":"object","properties":{"TeamId":{"type":"string","description":"TeamId"},"TeamName":{"type":"string","description":"TeamName"},"MembersCount":{"type":"integer","format":"int32","description":"MembersCount"},"Tickets":{"type":"integer","format":"int32","description":"Tickets"}},"description":"AssignedToTeam"},"IsClosed":{"type":"boolean","description":"IsClosed"},"WorkflowStepId":{"type":"string","description":"WorkflowStepId"},"WorkflowStep":{"type":"object","properties":{"OriginalWorkflowStepId":{"type":"string","description":"OriginalWorkflowStepId"},"WorkflowId":{"type":"string","description":"WorkflowId"},"WorkflowStepId":{"type":"string","description":"WorkflowStepId"},"WorkflowName":{"type":"string","description":"WorkflowName"},"StepName":{"type":"string","description":"StepName"},"IsClosed":{"type":"boolean","description":"IsClosed"},"StatusId":{"type":"string","description":"StatusId"},"StatusName":{"type":"string","description":"StatusName"},"CommandSortOrder":{"type":"integer","format":"int32","description":"CommandSortOrder"},"CommandMore":{"type":"boolean","description":"CommandMore"},"DisplayOrder":{"type":"integer","format":"int32","description":"DisplayOrder"},"SourceEntityTypeId":{"type":"string","description":"SourceEntityTypeId"},"SourceEntityId":{"type":"string","description":"SourceEntityId"},"CreatedDate":{"type":"string","description":"CreatedDate"},"ModifiedDate":{"type":"string","description":"ModifiedDate"},"OriginId":{"type":"string","description":"OriginId"}},"description":"WorkflowStep"},"Priority":{"type":"integer","format":"int32","description":"Priority"},"IssueDescription":{"type":"string","description":"IssueDescription"},"Assets":{"type":"array","items":{"type":"object","properties":{"TicketAssetId":{"type":"string","description":"TicketAssetId"},"AssetId":{"type":"string","description":"AssetId"},"CreatedDate":{"type":"string","description":"CreatedDate"},"ModelId":{"type":"string","description":"ModelId"},"CategoryId":{"type":"string","description":"CategoryId"},"AssetTypeId":{"type":"string","description":"AssetTypeId"},"OwnerId":{"type":"string","description":"OwnerId"},"AssetTag":{"type":"string","description":"AssetTag"},"SerialNumber":{"type":"string","description":"SerialNumber"},"ModelName":{"type":"string","description":"ModelName"}}},"description":"Assets"},"SourceId":{"type":"integer","format":"int32","description":"SourceId"},"CustomFieldValues":{"type":"array","items":{"type":"object","properties":{"CustomFieldTypeId":{"type":"string","description":"CustomFieldTypeId"},"Value":{"type":"string","description":"Value"}}},"description":"CustomFieldValues"},"HasSensitiveInformation":{"type":"boolean","description":"HasSensitiveInformation"},"IsUrgent":{"type":"boolean","description":"IsUrgent"},"TicketFollowerUserIds":{"type":"array","items":{"type":"string"},"description":"TicketFollowerUserIds"},"UserPermissions":{"type":"object","properties":{"TicketId":{"type":"string","description":"TicketId"},"ProductId":{"type":"string","description":"ProductId"},"UserId":{"type":"string","description":"UserId"},"CanCancel":{"type":"boolean","description":"CanCancel"},"CanView":{"type":"boolean","description":"CanView"},"CanWork":{"type":"boolean","description":"CanWork"},"CanResolve":{"type":"boolean","description":"CanResolve"},"Rights":{"type":"array","items":{"type":"string"},"description":"Rights"}},"description":"UserPermissions"},"SlaId":{"type":"string","description":"SlaId"},"Sla":{"type":"object","properties":{"SlaId":{"type":"string","description":"SlaId"},"SiteId":{"type":"string","description":"SiteId"},"ProductId":{"type":"string","description":"ProductId"},"CreatedDate":{"type":"string","description":"CreatedDate"},"IsDeleted":{"type":"boolean","description":"IsDeleted"},"IsActive":{"type":"boolean","description":"IsActive"},"Name":{"type":"string","description":"Name"}},"description":"Sla"},"HasAdminSla":{"type":"boolean","description":"HasAdminSla"},"ParentTicketNumber":{"type":"string","description":"ParentTicketNumber"},"SubtaskCount":{"type":"integer","format":"int32","description":"SubtaskCount"},"SubticketCount":{"type":"integer","format":"int32","description":"SubticketCount"},"SubtasksClosed":{"type":"integer","format":"int32","description":"SubtasksClosed"},"SubticketsClosed":{"type":"integer","format":"int32","description":"SubticketsClosed"},"HasSubticketsOpen":{"type":"boolean","description":"HasSubticketsOpen"},"HasSubticketsClosed":{"type":"boolean","description":"HasSubticketsClosed"}},"description":"Item"},"UserToken":{"type":"string","description":"UserToken"},"RequestDate":{"type":"string","description":"RequestDate"},"ExecutionTime":{"type":"number","format":"float","description":"ExecutionTime"},"StatusCode":{"type":"integer","format":"int32","description":"StatusCode"},"ServerName":{"type":"string","description":"ServerName"},"ProcessId":{"type":"integer","format":"int32","description":"ProcessId"},"OperationId":{"type":"string","description":"OperationId"},"Properties":{"type":"object","properties":{},"description":"Properties"}}}}},"summary":"Post New Ticket","description":"Submit New Ticket","operationId":"PostNewTicket","parameters":[{"name":"body","in":"body","required":false,"schema":{"type":"object","properties":{"Subject":{"type":"string","description":"Subject"},"IssueDescription":{"type":"string","description":"IssueDescription"},"OwnerId":{"type":"string","description":"OwnerId"},"ForId":{"type":"string","description":"ForId"},"IssueId":{"type":"string","description":"IssueId"},"LocationId":{"type":"string","description":"LocationId"},"TicketFollowerUserIds":{"type":"array","items":{"type":"string"},"description":"TicketFollowerUserIds"},"Assets":{"type":"array","items":{"type":"object","properties":{"AssetId":{"type":"string","description":"AssetId"},"CreatedDate":{"type":"string","description":"CreatedDate"},"ModelId":{"type":"string","description":"ModelId"},"CategoryId":{"type":"string","description":"CategoryId"},"AssetTypeId":{"type":"string","description":"AssetTypeId"},"OwnerId":{"type":"string","description":"OwnerId"},"AssetTag":{"type":"string","description":"AssetTag"},"SerialNumber":{"type":"string","description":"SerialNumber"},"ModelName":{"type":"string","description":"ModelName"}}},"description":"Assets"}}}}]}},"/assets/{AssetId}/remove-owner":{"post":{"responses":{"default":{"description":"default","schema":{"type":"object","properties":{"UserToken":{"type":"string","description":"UserToken"},"RequestDate":{"type":"string","description":"RequestDate"},"ExecutionTime":{"type":"number","format":"float","description":"ExecutionTime"},"StatusCode":{"type":"integer","format":"int32","description":"StatusCode"},"Message":{"type":"string","description":"Message"},"ServerName":{"type":"string","description":"ServerName"},"ProcessId":{"type":"integer","format":"int32","description":"ProcessId"},"OperationId":{"type":"string","description":"OperationId"},"Properties":{"type":"object","properties":{},"description":"Properties"}}}}},"summary":"Post Remove Asset Owner","description":"remove the device owner from the asset","operationId":"PostRemoveAssetOwner","parameters":[{"name":"AssetId","in":"path","required":true,"type":"string"}]}},"/assets/{AssetId}/status/{AssetStatusTypeId}":{"post":{"responses":{"default":{"description":"default","schema":{"type":"object","properties":{"UserToken":{"type":"string","description":"UserToken"},"RequestDate":{"type":"string","description":"RequestDate"},"ExecutionTime":{"type":"number","format":"float","description":"ExecutionTime"},"StatusCode":{"type":"integer","format":"int32","description":"StatusCode"},"Message":{"type":"string","description":"Message"},"ServerName":{"type":"string","description":"ServerName"},"ProcessId":{"type":"integer","format":"int32","description":"ProcessId"},"OperationId":{"type":"string","description":"OperationId"},"Properties":{"type":"object","properties":{},"description":"Properties"}}}}},"summary":"Post Asset Status","description":"Changing the Status","operationId":"PostAssetStatus","parameters":[{"name":"AssetId","in":"path","required":true,"type":"string"},{"name":"AssetStatusTypeId","in":"path","required":true,"type":"string"}]}},"/assets/status/types":{"get":{"responses":{"default":{"description":"default","schema":{"type":"array","items":{"type":"object","properties":{"AssetStatusTypeId":{"type":"string","description":"AssetStatusTypeId"},"Scope":{"type":"string","description":"Scope"},"Name":{"type":"string","description":"Name"},"IsRetired":{"type":"boolean","description":"IsRetired"},"SiteId":{"type":"string","description":"SiteId"}}}}}},"summary":"Get Asset Status Types","description":"Get the different types of Asset Status","operationId":"GetAssetStatusTypes","parameters":[]}}},"definitions":{},"parameters":{},"responses":{},"securityDefinitions":{},"security":[],"tags":[]}